[
  {
    "id": 1,
    "name": "Laptop",
    "price": 75000,
    "stock": 10,
    "image_url": "https://via.placeholder.com/150?text=Laptop"
  },
  {
    "id": 2,
    "name": "Smartphone",
    "price": 35000,
    "stock": 25,
    "image_url": "https://via.placeholder.com/150?text=Smartphone"
  },
  {
    "id": 3,
    "name": "Headphones",
    "price": 2500,
    "stock": 50,
    "image_url": "https://via.placeholder.com/150?text=Headphones"
  },
  {
    "name": "Washing Machine",
    "price": 65000.0,
    "stock": 50,
    "image_url": "",
    "seller": "seller01",
    "id": 4
  }
]